Customer ID,Churn_Probability,Churn
4221,0.18580093783820337,No
1820,0.33800174348238526,No
2375,0.04970258690426541,No
5462,0.03744847500874915,No
1791,0.03929147845812246,No
2691,0.2521949696319125,No
5626,0.22993733424172544,No
4802,0.08674253609154892,No
5104,0.0271666258802399,No
5086,0.021516797549211007,Yes
5261,0.19598145685714624,No
5672,0.06169977335326564,No
7002,0.09218154141645507,No
5456,0.47094789232336215,Yes
6827,0.04044108117639377,No
659,0.032689803372854695,No
5210,0.09307600260285258,Yes
1749,0.4776254502949979,No
3372,0.3342202979509574,No
978,0.3356009030953144,Yes
6763,0.026039136181744624,No
2488,0.16789842013190778,Yes
650,0.6021467648162248,Yes
1602,0.5989598303225478,Yes
4686,0.046662049006588435,No
1041,0.05205633798862701,No
1406,0.003258651929490481,No
3955,0.4751855659084248,No
4108,0.02177622646982279,No
3834,0.03567495129274566,Yes
6047,0.4359138669415682,No
5503,0.014620981746100417,No
4366,0.4628201675054041,No
4355,0.4766277550888863,No
642,0.7789752464803934,Yes
6713,0.3605776201902147,No
1200,0.25958046789756223,No
696,0.025357746837921247,No
4791,0.16976760541283206,No
3770,0.0032163580960582294,No
4640,0.6436510902299655,Yes
3571,0.2519081548949137,No
6977,0.20910850975138584,No
202,0.07239564150724884,No
6665,0.07673766777379627,No
3719,0.027137842632334538,No
5254,0.034102259763677215,No
6504,0.6635914052164686,Yes
2242,0.018499270772998493,No
1588,0.30451613670359595,No
3142,0.19851941293690364,Yes
2933,0.0029785171347206834,No
727,0.6557513718890735,No
4533,0.118364030430467,No
5106,0.14918380372810047,No
6979,0.4682993881717306,No
5313,0.2749512509975644,No
2275,0.7153894228370788,Yes
2518,0.6006268275640699,No
3448,0.22950112519246715,Yes
1889,0.39944465276299757,No
532,0.7354004666965397,No
821,0.025529020189209082,No
2987,0.009630925751674537,No
6647,0.01026813140256862,No
5811,0.03456753247242602,No
2576,0.22199360026040338,No
6112,0.26087275952710437,No
6116,0.06277090975366353,No
5430,0.5409325305494981,Yes
3702,0.5579804181941945,Yes
761,0.5716923603457519,Yes
5046,0.38162497350962343,No
3683,0.003343661067360911,No
3786,0.4035687465646638,No
425,0.08527349895499545,No
868,0.19062761615447477,Yes
2030,0.22458122092438648,No
4641,0.534168314766982,No
3908,0.08949824476055578,No
5224,0.3765465927253523,No
2805,0.004700633725282719,No
4336,0.05978199156140661,No
4351,0.15232010146459837,No
3273,0.33895109553598424,Yes
2477,0.5601818265194229,No
553,0.028038845219450118,No
2962,0.41115884749585074,Yes
2278,0.3979396849347497,No
4904,0.5623918379024704,No
3805,0.7276091392758647,Yes
4502,0.5102615308551012,Yes
6668,0.5509439537668605,No
6093,0.018661075833675926,No
1827,0.14120363714726886,No
4732,0.0011996792969679031,No
4466,0.7195518717890799,Yes
1176,0.6098221874061405,Yes
2592,0.12285241658809178,No
3712,0.03624732055500857,No
5545,0.47954949015169945,No
5903,0.04903569943093311,No
6662,0.019673851001671416,No
1133,0.15393615221430282,No
2132,0.02949856695915934,No
3217,0.24360786092934178,No
3400,0.5416094234508576,No
1739,0.6978891084632812,Yes
5393,0.6953962022791385,Yes
328,0.38907374923144533,No
524,0.6754718688765415,Yes
5004,0.35636259380837954,No
2231,0.6275850401897106,Yes
1644,0.4571589047595983,Yes
5244,0.4370021132452418,No
3638,0.350411793497223,Yes
5135,0.24238240153802734,No
5177,0.612690322161273,Yes
674,0.25210080352311187,Yes
393,0.08735482161275065,No
2389,0.030166024721295728,No
4039,0.8072256064188191,No
487,0.022638377667527708,No
728,0.2916039766117892,Yes
316,0.002091756472392195,No
6166,0.530655321391356,Yes
3543,0.02884691052473412,No
507,0.6897384764250303,Yes
1289,0.012007505949120801,No
1696,0.7852174122769755,Yes
3694,0.055040919336140956,Yes
325,0.3215732013667691,No
6407,0.1793902399802848,No
3574,0.2535853096352118,No
1449,0.1696179846492102,No
1346,0.6812882529650256,Yes
2292,0.016577544486312646,No
267,0.4033323256679512,No
4556,0.6960042653553624,Yes
5824,0.022374185624595783,No
5581,0.07417097277192275,Yes
1804,0.03310842253766576,No
3991,0.6540085389633005,Yes
5696,0.16017686213280458,Yes
4283,0.715042375667061,No
2631,0.8320661094062287,Yes
5938,0.510828780443788,No
3831,0.4210716424632631,Yes
2755,0.029402269867428978,No
4937,0.04615146843273384,No
4895,0.18830559967707686,No
6751,0.004559771448014562,No
4517,0.8190118290516512,Yes
6211,0.5565461713979754,Yes
5122,0.11487002045751338,No
5499,0.6778903149901233,Yes
2797,0.8181170645964346,Yes
6800,0.18324741307758988,Yes
2020,0.05439932183717813,No
960,0.3715746700519522,No
2240,0.015717063494012324,No
1171,0.2132315488126197,Yes
6628,0.4837220029608379,No
213,0.027536080996799304,No
1421,0.7182824236732381,Yes
6643,0.6012511695855,No
1084,0.006021017481154605,No
6134,0.35174072195786577,No
5728,0.45057835303982086,Yes
5758,0.03960854115744068,No
6117,0.002415082514813143,No
3267,0.008593160914534598,No
3985,0.2059126604492583,No
3679,0.25446402932666146,Yes
6063,0.001950813068285828,No
3090,0.5209287513910155,Yes
4311,0.5222689736230834,Yes
6574,0.7848479724201347,No
6509,0.6409189491247241,Yes
6996,0.040224251743432464,Yes
2608,0.3287735082084697,Yes
3447,0.15987763894070262,No
5644,0.6229258839341927,Yes
4226,0.7517259969705014,Yes
3904,0.03222964674630761,No
4054,0.41844625801256263,No
893,0.5961577408205609,Yes
64,0.7376325065979599,Yes
3727,0.8167094281212527,Yes
428,0.5533093479156266,No
4912,0.5031379539796991,Yes
4766,0.059599467826643604,No
56,0.1409601401163367,No
3007,0.4254715630261811,Yes
4132,0.5270370131109715,Yes
3032,0.026040406538731877,No
6683,0.08119972906404387,No
4489,0.02435333651019014,No
602,0.08225535135031539,No
479,0.3481360105703226,Yes
4027,0.4424699669059845,Yes
4078,0.0674219965918371,Yes
156,0.5866400727376082,No
2077,0.6196670702717755,Yes
6239,0.14580847912076758,No
2456,0.006899894375313916,No
359,0.22283155348282566,No
6603,0.34635058386654827,No
994,0.03144971625755649,No
2672,0.027788208295819555,No
4242,0.19854098649443813,No
4995,0.6450932311465025,Yes
2516,0.7893925365388933,Yes
6179,0.7480573632480658,Yes
4617,0.2241934903556632,No
2041,0.04705423163286334,No
4119,0.027711521232734418,No
5738,0.19650215188326733,Yes
6964,0.07464239099157331,No
2474,0.5398669356822601,No
2683,0.5660936160994483,Yes
6591,0.6118789494960677,Yes
6596,0.030243519543106872,No
1546,0.002647385791120879,No
147,0.5227910551615643,Yes
1565,0.23937592728228324,No
5242,0.6903087010982838,Yes
1377,0.006073630469763702,No
1157,0.19131166272335376,No
1995,0.7328070852133395,Yes
1792,0.11238244929256791,No
4714,0.01832233727962509,No
395,0.020303096873675958,No
3737,0.49669751674130713,Yes
1276,0.04634738202874287,No
1295,0.013074286919208577,No
4879,0.08988826841525777,No
6107,0.19813999323189582,No
4452,0.00846697256337639,No
352,0.7758716144397736,No
2081,0.3675574214846732,No
5839,0.7581452861502079,No
3494,0.6241667821486014,Yes
892,0.4873146621551042,No
1549,0.45816540047982623,Yes
1774,0.3023193085227403,No
3357,0.42820610428950223,Yes
3116,0.16396106819395717,No
181,0.3810619814185427,No
2694,0.10991745321742011,No
2027,0.03601856842735418,No
6120,0.40074393331825514,No
2007,0.7328134971040982,Yes
6527,0.3043409472580584,Yes
6035,0.25915161372003087,Yes
1540,0.11187772989696032,No
5065,0.047709132894539964,No
3718,0.39902042362209655,No
769,0.10075027299599992,No
3739,0.06415548221256272,No
3106,0.004702752822715075,No
6279,0.26181269122160206,No
223,0.2598867535012542,Yes
3327,0.15592979095707485,No
2855,0.006138256259397125,No
676,0.013977980495703812,No
6207,0.2753619465972324,Yes
1123,0.05687870928555905,No
2086,0.4875620617159048,Yes
165,0.001908950284825247,No
58,0.012294874260397597,No
4733,0.45683809926836455,No
176,0.646763143854434,Yes
2188,0.2449111284741687,No
4677,0.5934822319107516,Yes
5469,0.31258978964876694,No
3317,0.012218087565567831,No
3812,0.06290976665726515,No
2239,0.0039884989664521414,No
113,0.5277013082670519,Yes
2857,0.012931460819924282,No
779,0.43190887511425824,Yes
3280,0.01246074913321249,No
6010,0.02217688375138226,No
4872,0.018322009517054073,No
4740,0.2546850577763524,Yes
3532,0.43639943761895245,Yes
4578,0.31686247491798686,No
3195,0.49979423047628835,No
5645,0.04037454044332625,No
1591,0.08855640542984859,No
4947,0.7103151361116853,Yes
5740,0.004234861327306099,No
3588,0.4555140720847726,No
1589,0.5145789760382871,No
6726,0.6545357650041584,Yes
5548,0.0025385084605319738,No
1420,0.4560304237941786,No
2611,0.6317405168660325,Yes
5633,0.1667074694327563,No
3981,0.7290193740357099,No
2445,0.20468219353585243,No
5828,0.0017126522503650185,No
5941,0.12235319229110167,No
1477,0.18343452359718287,Yes
3254,0.6839938386704894,No
5602,0.1054014543616675,No
1807,0.6167242278206782,Yes
1613,0.04200780101991989,No
1755,0.268994588624989,No
1040,0.5893679036787227,Yes
4297,0.022546837804730387,No
5232,0.15440672456566257,No
2525,0.02723536360918099,No
2919,0.0432302924728613,No
6939,0.177082828614166,No
2005,0.1948090353637813,Yes
1548,0.32739254064547824,No
6434,0.5202752896673541,Yes
589,0.015167936473992732,No
6614,0.0011675188926341847,No
1307,0.04728744146778458,No
183,0.06452015545054869,No
4608,0.06315046346398048,No
3760,0.6066607339441479,No
5435,0.08478288832661303,No
3992,0.020274494964578955,No
6898,0.3203361998536417,No
6181,0.2840022516677468,No
6624,0.01471856514861171,No
4767,0.08130438479250636,No
1388,0.33424185629410386,No
673,0.1273443878063661,No
5076,0.3575545311321883,Yes
4796,0.2010609180420933,No
4651,0.4513577831581656,Yes
5078,0.06753167214135683,No
6869,0.02441097002006972,Yes
5597,0.5186368342749608,Yes
6429,0.012309116205714827,No
3161,0.060090142467646976,No
5662,0.6965743709557315,Yes
2323,0.6235947273556094,Yes
5022,0.023306361122495477,No
6928,0.03416333685539005,No
2003,0.16237744222861913,Yes
2509,0.003188033473179109,No
3398,0.09701993195098109,No
2894,0.023616143920546777,Yes
5756,0.003947442425058745,No
2810,0.16561066138890088,No
6925,0.05806709474393922,No
5398,0.1904021931730252,No
6606,0.554310149986832,Yes
1107,0.002619924898200382,No
2798,0.7349132859879247,Yes
3445,0.28407953905126104,No
1042,0.4530102749674896,No
786,0.0055211827782711345,No
3087,0.7585468116206974,Yes
4315,0.6749983165554109,Yes
2999,0.07003375567315288,No
4864,0.14609639463393495,No
2826,0.19686676688267707,No
6666,0.3201831924900934,No
5735,0.0043650906345972405,No
2971,0.013554407694645203,No
2635,0.0038710197192132452,No
3545,0.5433237022089271,No
4156,0.25552182373685195,No
945,0.6011442749932382,Yes
528,0.008690123732625978,No
416,0.05641767621701457,No
3883,0.587293411508449,No
2543,0.5559121934941872,Yes
3884,0.6091574336543445,No
2910,0.016157242616456798,No
4580,0.0015751155706903368,No
618,0.11638274135184158,No
1184,0.39360231996757294,No
3190,0.014056685220231976,No
1516,0.700208663776131,No
4402,0.10265020090619986,Yes
3065,0.4583628784404634,No
4737,0.06049750809442039,No
4551,0.1942281824896426,No
2927,0.6978891084632812,No
4217,0.7089187721987579,No
4234,0.054012371841791744,No
4266,0.08929546612612561,Yes
2700,0.205467015832635,No
5453,0.007700849499279051,No
1705,0.2263043645023717,No
5840,0.014139890858117378,No
3864,0.6436723183248567,Yes
185,0.6758958667627444,Yes
1710,0.6454286765885692,No
626,0.49123038158173243,No
2882,0.5350777078547507,No
4848,0.7733674718389463,Yes
6353,0.18298145473578778,No
3665,0.078036602800316,No
2981,0.0019150763020415753,No
311,0.37387612165171785,No
6913,0.11989381826845572,No
5910,0.3839592732305096,No
3783,0.43955288436731854,No
5314,0.009960025929971247,No
3863,0.7328275468195776,No
1861,0.37862605801930554,Yes
5849,0.0032490383010900558,No
1446,0.538815746195417,No
2071,0.03288948196924838,No
4678,0.717767328741707,Yes
1972,0.5151773718551145,No
51,0.4660393291256086,Yes
6050,0.13581617223551473,No
2788,0.04649135633617051,No
2883,0.002336888610265583,No
5705,0.19889937897565052,No
3514,0.0912655367679216,No
2304,0.1011800662208544,No
3900,0.016087182548561046,No
6885,0.5434577909202879,Yes
1900,0.042621200786684243,No
793,0.01741210315670217,No
1724,0.7709402177078836,No
2296,0.4865244244756294,No
3350,0.46488662300535855,Yes
2867,0.03285358920845662,No
6538,0.5831502073349938,Yes
6783,0.041111049349214224,No
813,0.046121823234868325,No
5845,0.7468811772948327,Yes
4448,0.682922678472072,Yes
6054,0.3867001262416907,Yes
3552,0.06376511373289652,No
4277,0.20502078970279233,No
6043,0.6373941543270788,Yes
5496,0.008531989646281794,No
6926,0.21553432655372862,Yes
5457,0.1519447177807055,No
6796,0.28360171203500856,Yes
4718,0.06085403214033971,No
6682,0.06079241122456577,No
3404,0.027331274897335087,No
3769,0.06191740337198388,No
5185,0.02375779322463607,No
3753,0.42241018984871376,No
6337,0.13347823085493982,No
604,0.2512447945805437,No
2290,0.5691963241871134,Yes
2566,0.011821558588624718,No
1214,0.5969034429088333,Yes
2091,0.0034984111307096587,No
4231,0.00806060009439497,No
4752,0.037408405449934706,No
6283,0.597523516691245,Yes
5877,0.23238129955306608,Yes
5058,0.13926111143062395,No
744,0.3978801817073253,No
2157,0.2885293670036077,No
1699,0.01999859419476841,No
1213,0.0013315163100519679,No
4888,0.22420594499552748,No
7031,0.028327203137949043,No
3715,0.7116284925201992,No
4501,0.008064455140281734,No
6489,0.25825509740170555,Yes
480,0.03011449925428914,No
3642,0.6926663413621884,No
2607,0.7335586177901426,Yes
5039,0.7677475938796434,Yes
3044,0.4597792634691247,Yes
2434,0.1489446141423165,No
4370,0.08921180197075851,No
3503,0.19610502593391688,No
1837,0.18197171170178522,Yes
3368,0.31153136353641586,No
3550,0.48756082167243336,Yes
3221,0.5405509047073332,No
4486,0.2675410739771335,No
3119,0.5503978283671793,Yes
3780,0.011396611040862526,No
1023,0.45801513935426735,No
2720,0.37278300612767035,Yes
6119,0.11528057387601047,No
5346,0.017969479916652698,No
5805,0.20892393335581638,No
3625,0.0015596822424236519,No
867,0.21574475926006134,No
5673,0.09681431581397754,No
886,0.7381402102605875,No
6428,0.6009375865344859,Yes
5552,0.028438657936016385,No
5511,0.01732953065027436,No
2723,0.0723037542858488,No
3006,0.7061729585322835,Yes
3845,0.6749823236834058,Yes
6423,0.001784587893168283,No
525,0.12316934146802351,No
4882,0.015563175656413802,No
1524,0.29648873903093687,No
4725,0.3415040318935179,Yes
4527,0.10144692628161425,Yes
2696,0.005631657652247367,No
4185,0.2396178542238585,No
4545,0.3611809422624043,No
1563,0.6408548042646512,No
284,0.48873406221017746,Yes
5524,0.00791564512132774,No
6376,0.0019461259370988633,No
1800,0.4404325137420911,No
1785,0.015751208609956303,No
4596,0.45600534703503687,No
3763,0.7239395247458786,Yes
1631,0.5054140074368393,Yes
6948,0.17351866899857618,No
542,0.1990477706962461,No
3319,0.5035008861675793,Yes
1073,0.7464097138435313,Yes
110,0.3072894599119283,Yes
5965,0.05705579602491334,No
1467,0.2147434778205226,No
716,0.013466850570655418,No
1999,0.5965619143002534,Yes
5979,0.0038204217943568737,No
5873,0.44797362728496465,No
6356,0.47201504394557126,No
5475,0.07350884460231476,Yes
1036,0.0516253527021121,No
1031,0.1960425617380186,No
5179,0.4989845590748845,Yes
3213,0.03592286585068736,No
1571,0.15879087796213331,No
4976,0.024853703307229205,No
823,0.34665796288206896,No
6160,0.09912064663936339,No
5118,0.29228581112762975,No
3285,0.007892273884860303,No
4829,0.32044854636315234,No
1665,0.6997875095249336,No
1660,0.04090489608272638,No
4793,0.18410145997114033,No
3714,0.0055177926650117485,No
5137,0.36362757161335696,No
3473,0.4408591156127846,Yes
3533,0.09641968530639826,No
3733,0.026052709089687556,No
6292,0.32453062555887247,No
2618,0.034307884671240865,No
539,0.01832256885343034,No
5392,0.0061571816729756946,No
6099,0.0018693319848414921,No
2114,0.05940246520356875,No
4267,0.017619325555769727,No
485,0.05938351102756285,No
4579,0.4990556420859307,No
4159,0.26727723502141104,No
1321,0.010295460615475583,No
2762,0.13782055603504276,No
6466,0.5032690719287475,No
1567,0.4692179391746311,No
4484,0.6963775521225004,No
7016,0.3948913602674154,No
5303,0.10824081378873142,No
2174,0.041854500719335545,No
619,0.6006759129589281,No
854,0.0018255336249690755,No
595,0.2421451119256452,Yes
1498,0.6263764749907006,Yes
52,0.21651933062370707,No
95,0.5848466022575539,Yes
6858,0.6083096609178132,Yes
49,0.006416578278295963,No
1083,0.7297889407208599,Yes
1947,0.06909032912435721,No
523,0.4282114267798935,Yes
6778,0.001771622331182586,No
1121,0.0661480148931781,No
4528,0.3184738018602557,No
2089,0.014549560007729879,No
3197,0.1479382002856002,Yes
4644,0.24167591252635667,No
6967,0.64951709380552,Yes
5631,0.5126494297468749,No
6934,0.07721300574791744,No
3622,0.010025480170620474,No
3429,0.00559856005362781,No
2529,0.04599697409829138,Yes
2918,0.5882448261904545,No
142,0.12660615466979186,No
6418,0.17770929635795837,No
123,0.18998422508344875,No
2300,0.17989039244447827,Yes
3672,0.1068273641808054,Yes
2499,0.03396615715824262,No
4898,0.5676173052458698,Yes
22,0.19763494997206357,Yes
4321,0.6232262915686004,No
1440,0.05760583688693461,No
450,0.00698961991097718,No
4594,0.46078334829986933,Yes
3717,0.1397927478827086,No
3967,0.024110815348059426,No
1111,0.4210438450514974,Yes
1322,0.16387690276054834,No
74,0.2127114108803048,No
6132,0.0822839934868205,No
4002,0.008349825418212463,No
6627,0.006112514198617163,No
2658,0.0259263901380687,No
5191,0.05615335519202625,No
1334,0.7064986354964141,Yes
5384,0.45538016943431864,No
6850,0.0044845039226442725,No
240,0.017797049129175898,No
291,0.037832145047571215,No
5300,0.6337000297049395,Yes
2321,0.30410397780422793,No
2060,0.013608746850716717,No
2830,0.010437663931515304,No
4401,0.33287321988991175,No
4201,0.0011464318891401233,No
4318,0.04373025234765359,No
5914,0.08456599367418079,No
4635,0.0059677358339048255,No
3250,0.09202627566208581,No
3709,0.45784080975278035,No
6893,0.15654142027840784,Yes
2766,0.17043861059775817,No
3906,0.682673174441881,Yes
4838,0.1600651764446345,No
15,0.03754416902998461,No
4268,0.17498171222324213,No
5975,0.4915080037147146,Yes
1153,0.047685269447513716,No
3216,0.3220588237476361,Yes
4392,0.16376775019830705,No
1353,0.005709856430114666,No
2234,0.038245174129560036,No
6661,0.008867329791699779,No
5487,0.02390265091348949,No
3362,0.36398099787673854,Yes
748,0.0056225149752472114,No
5437,0.4397929662651941,Yes
5504,0.23268086775859362,Yes
476,0.20305677911954306,No
85,0.6965396116541812,No
4096,0.42206935110560767,No
3231,0.1654574713947989,No
3413,0.46651615681405273,No
4361,0.05686803534341066,No
4781,0.00397360572478687,No
4925,0.14489356351073493,No
770,0.15581234532069457,No
2940,0.2559484665421693,Yes
2090,0.06613126577844916,No
2043,0.5298845262694933,No
3918,0.605967999644478,Yes
4585,0.8223845100641298,Yes
6123,0.0841580065515045,No
3731,0.6909934299492639,No
1697,0.0054597153657898025,No
177,0.40789648403635476,Yes
4823,0.3113821461820854,Yes
376,0.5305700348660747,No
3070,0.24942711206856025,No
581,0.44807195243713743,Yes
986,0.25879013928062344,No
1509,0.563133864527732,Yes
1718,0.045634459225088776,No
5003,0.6411598914764961,Yes
2162,0.4326335050077286,No
1637,0.013372661283618761,No
1707,0.6480065203235199,No
4884,0.3759832915447662,No
4933,0.4626692032668705,No
953,0.1587495246792702,No
1888,0.08382593843268447,No
3676,0.05235145106769228,No
686,0.0165029227239472,No
6204,0.4352147581981932,No
6625,0.7304716500743681,Yes
1664,0.4042813729725029,Yes
4549,0.3456148054989827,No
2932,0.18966919801979473,No
869,0.08018682510223629,No
4122,0.009274934652466345,No
4376,0.21698067234734947,No
4296,0.11818721257175079,Yes
4994,0.5762782931006598,Yes
6550,0.6521310151136754,Yes
3084,0.10020880197399751,No
3328,0.6965743709557315,No
2585,0.010217924480360562,No
5871,0.21018555169434405,Yes
3825,0.00359725407053995,No
5610,0.7462299414939578,Yes
2449,0.33566409280102993,No
4818,0.05095673682275774,No
2816,0.12349083901897612,No
6244,0.4962592194465755,No
6764,0.700093380240303,Yes
3560,0.3230193974880203,No
2096,0.2436994710060599,Yes
2710,0.033162433430049106,No
4586,0.049884427850173635,No
1070,0.5298561859210957,Yes
1024,0.3219673991219055,No
4170,0.045220036728100606,No
2670,0.10930887870608806,No
3,0.025520941019008703,No
2168,0.7112224601935302,Yes
216,0.002918511342350722,No
1481,0.010217580275450219,No
6208,0.015491452415645604,No
6815,0.0040728262987624235,No
2001,0.16715232049208342,No
6544,0.5310413008017226,Yes
3632,0.5400196350251463,No
6730,0.04497455688764936,No
5109,0.003320129135029584,No
5872,0.6394280131070637,Yes
6962,0.5705075878008571,Yes
5748,0.6133092711746324,No
3124,0.0067552877126150655,No
4945,0.01883915545369005,No
38,0.6239493066195619,Yes
2076,0.11537398677544791,No
1661,0.40575258452977025,No
1439,0.6210684574604629,Yes
6789,0.25403726542459054,Yes
882,0.6356350971478856,Yes
5531,0.014028252202875848,No
798,0.19971635236949753,No
6867,0.0018592829198088399,No
5729,0.05833895561819289,No
5087,0.19252263734175604,No
1851,0.7078372386505257,Yes
4055,0.0160377488425364,No
5029,0.2783874940953635,No
2419,0.10700414422556366,No
3885,0.7474165794955066,No
5611,0.3584777145214628,No
4584,0.011008149952450088,No
4031,0.08396936000276167,No
4154,0.7296344100307787,Yes
6430,0.08056606664693217,No
2344,0.07683425303261125,No
6368,0.849856924202755,Yes
6733,0.11556972873717358,No
4643,0.46329393697685833,No
3607,0.0708611329889216,No
404,0.033213795579377065,No
908,0.11607815885797675,No
3240,0.14667902717358222,Yes
3522,0.012953466258647465,No
6756,0.611554191569793,No
1298,0.15376392481543985,No
2464,0.75460308967016,Yes
6686,0.08044585155143907,No
5530,0.1637459042654607,No
4721,0.197382792422455,Yes
5813,0.058701047836760216,No
6393,0.4167383690098365,No
2384,0.44923046383476567,No
5982,0.05610876839540673,No
933,0.8103084588183301,Yes
3282,0.18609791365826983,No
6551,0.20628365244984448,No
3835,0.02858446116187341,No
6109,0.403495059089336,No
1119,0.008349747553775445,No
6284,0.7366332853136085,No
1675,0.5403502184819798,Yes
324,0.012899209467403371,No
3031,0.31379958145243403,Yes
211,0.5936656740837175,No
1150,0.24498696676684223,No
4175,0.004110305056537965,No
950,0.41298080829250006,Yes
5561,0.23988311648245528,No
4896,0.23939613265391071,No
4412,0.005646987340658933,No
5619,0.4578651495226006,No
1347,0.03452383483296311,No
3312,0.19725680465413561,No
6446,0.05677420144268343,No
4680,0.2511387503022016,No
4914,0.006302426858244475,No
6817,0.002338207610568521,No
545,0.20470634988044614,No
6762,0.1628561768644801,Yes
437,0.051057605012109895,No
1225,0.5141889589731771,Yes
4316,0.015028121264455591,No
567,0.007926102997803714,No
1355,0.22613024110678648,No
2289,0.03856143592331133,No
4307,0.6742679943018415,Yes
1868,0.4396484987915198,No
4160,0.06581182973671092,No
1527,0.001131553374900269,No
6564,0.15435869362595134,No
262,0.40603715572177534,No
4479,0.006256281066454763,No
132,0.0054304019235281486,No
4861,0.06743032538851974,No
1088,0.7221691959794752,Yes
2288,0.6125618630648523,No
5650,0.03444358688471937,No
6388,0.1969006444295849,Yes
2216,0.2752234049955743,No
5725,0.037340397522636945,No
5362,0.002614458997409092,No
1779,0.5832852283624156,No
2920,0.008988514370248137,No
2429,0.07530102422810962,No
2776,0.4918206659198668,Yes
4845,0.048647014228272084,No
4881,0.22217261637416658,No
2652,0.4290818114330399,No
1838,0.4432517236416413,No
2878,0.5005179677555619,No
4432,0.02490620379337038,No
5647,0.16196947738579046,No
4195,0.14941589688629928,No
3477,0.641126039125097,No
2224,0.5589639954867471,Yes
5892,0.2658950775522023,No
2954,0.5857928642386587,Yes
3360,0.6625621801914255,Yes
4833,0.020487845114041378,No
3966,0.04462745899582118,No
5158,0.0022253225234579537,No
73,0.0039062371143598795,No
6182,0.009910177078027878,No
4771,0.7299217955392309,Yes
2976,0.11702888126611098,No
3042,0.08322830700417504,Yes
1948,0.660820341538926,Yes
4637,0.014770515358308083,No
5077,0.03673158660100132,No
6384,0.0724846910515547,No
4716,0.009079159196837022,No
6440,0.6811288889720354,No
596,0.06295075571969481,No
2968,0.6060649012845912,No
3663,0.6849186967238308,No
6760,0.3214133433809699,Yes
3158,0.2952049049730172,Yes
1468,0.11087534531296252,No
192,0.0013252250746972028,No
4859,0.09203819833564389,No
444,0.39899176013090176,No
5227,0.7412872283328344,No
5142,0.07764732908346805,No
4944,0.19123607333507595,No
3525,0.5034328713620627,Yes
1528,0.39151274532867886,No
4076,0.058527172132532244,No
5410,0.07354795099630605,No
384,0.1783868293735614,No
3269,0.005942591169493513,No
6642,0.1595570642332938,No
6399,0.33663438103344595,No
5505,0.13030084707585327,No
1663,0.545525202920789,Yes
449,0.020456850054777154,No
2206,0.35480901933622677,Yes
2986,0.04678420231567754,No
4474,0.02618160574629879,No
2885,0.07968469761894675,No
4676,0.11602527211239642,No
1741,0.38095171104960524,No
72,0.07104010883993292,No
6761,0.2550681298788785,No
2388,0.5735895179184398,No
1250,0.09496127449804678,No
5422,0.003109658710879088,No
1811,0.5851270549587164,No
2900,0.684735185115789,Yes
4157,0.265488371477742,No
4847,0.5207635303055932,Yes
2615,0.017492715281872084,No
5189,0.47669381209982375,No
2400,0.26359599556350716,No
4309,0.5489229862592657,No
2268,0.010595005747602387,No
3483,0.435667044040093,No
4476,0.1956458185116157,Yes
6852,0.06251738545114889,No
2692,0.21958646248681357,No
1089,0.5677630317547394,No
2715,0.05205708178181144,No
5704,0.6861850067690102,No
4033,0.005755206496304733,No
2455,0.5683831677347623,Yes
5917,0.22501490842630203,No
250,0.14750862684049454,No
5083,0.0609910367283227,No
36,0.66476946052866,Yes
6503,0.027612675092007034,No
2531,0.0032975913535551456,No
5609,0.41896288395155584,Yes
4235,0.09057784320374881,No
1001,0.599210849564382,Yes
1389,0.6030040609948156,Yes
6801,0.2837640722196314,No
6128,0.6598782247391559,No
1216,0.0029320640533245872,No
5295,0.32436572784363155,No
4464,0.32231394862904245,Yes
194,0.0022990618249717786,No
2651,0.6424502582568676,Yes
6328,0.013347251593723842,No
6490,0.03251042865071107,No
2386,0.061732464583678204,No
4006,0.0015777967101856442,No
5386,0.3404982531631134,No
6779,0.0993072378863225,No
1191,0.021606927074239668,No
2226,0.032948589279427676,No
3257,0.5626806612102686,No
244,0.39486497796978975,No
4748,0.03623657152531659,No
6660,0.7052594427573822,Yes
3708,0.037757822401768594,No
5881,0.07255431532818228,No
5660,0.11325045249202749,No
5273,0.0013006403659180607,No
6794,0.007377202639056783,No
790,0.012619325120698448,No
6195,0.6774531518256006,Yes
966,0.18929253660859516,Yes
4080,0.01653681286509269,No
2521,0.532511250640898,Yes
4770,0.06890324963517479,No
1558,0.5932770080368505,Yes
4762,0.29307602045859343,No
5913,0.12679161060317803,No
2115,0.0874141388444507,No
14,0.4353934067753086,No
4870,0.03324652324169671,No
982,0.0652715709014834,No
1209,0.14080380253236455,No
5940,0.05944831343340126,No
4554,0.3434829648569599,No
2301,0.673467736817348,No
3171,0.028358333283677685,No
1274,0.09126751181363103,No
1419,0.0027427729854902867,No
6013,0.3474217236156354,No
2686,0.6704837731745859,Yes
5751,0.005541299697418936,No
3612,0.6178091937204164,No
5556,0.5510679106982187,Yes
6616,0.5758271647566279,Yes
320,0.039787629767329274,Yes
1882,0.15016828934673493,No
4362,0.009253746735542077,No
4071,0.4503504042110442,No
6143,0.009868108873351275,No
5183,0.38744483438081984,Yes
2294,0.7417486683673115,Yes
430,0.011325431979618755,Yes
3954,0.7869493082274945,No
880,0.4737157442709624,Yes
3629,0.041998000422390235,No
814,0.1762805804781968,No
2155,0.6213818759746754,Yes
6839,0.7847129571158475,Yes
2156,0.6633302724593906,Yes
1781,0.3568617811439977,No
5656,0.33684526687220306,No
1761,0.006548536402293365,No
3792,0.6598447498715064,Yes
1499,0.3956931225551918,No
3063,0.6545681515459015,No
2748,0.7307324723548367,Yes
2177,0.06967243627209348,No
6344,0.4300652554534722,Yes
3243,0.46724102237288134,No
4605,0.015315228332600881,No
643,0.17836966081090302,No
2731,0.22466343200932942,No
5091,0.47885173526402464,Yes
3245,0.2506785348542793,Yes
5571,0.1176239206237136,No
653,0.1334097527005159,No
5682,0.647747298749312,No
4047,0.07267219582694914,No
1641,0.01652094687527686,No
5323,0.21266180826900544,No
3081,0.6577632134092058,Yes
6268,0.03525400102503633,No
5690,0.013928059905373888,No
2765,0.5997970832501431,No
3291,0.0886746610023913,No
4438,0.007643689924128326,No
6853,0.34227918973374843,Yes
3790,0.09729846952427686,Yes
5807,0.0032226341201654534,No
5085,0.21054371074472236,No
3791,0.662311638879537,No
150,0.3988524741254934,No
6264,0.08601375552854744,No
6185,0.31453508005280334,No
5769,0.06406471376232667,No
5057,0.7074308541720562,No
3045,0.0844213465027376,No
3159,0.8469088626418014,No
3358,0.07987453288646744,No
24,0.021656633042177516,No
2229,0.6037481871678697,No
6426,0.030747404825626302,No
4744,0.00350950301267708,No
4566,0.13265031440902542,No
3837,0.45266306614258117,Yes
3489,0.11303647948454343,No
6593,0.1293145034832245,Yes
4653,0.18474316505661156,Yes
4660,0.19053970653059335,Yes
1925,0.020560370849777382,No
690,0.25340912336831495,No
2209,0.18046152866915288,No
6810,0.3932827187976534,Yes
454,0.004313029618743589,No
5898,0.023500731491842345,No
6041,0.1672283489766007,No
2313,0.22540666001986945,No
2297,0.20568844683948226,Yes
1366,0.7485790640602837,Yes
6944,0.23758936799849764,No
4208,0.038342709477336714,No
1402,0.4524126525622945,Yes
290,0.6194885417246906,Yes
896,0.06335228705919355,No
6488,0.6990903302583079,Yes
4780,0.4930359387721195,No
486,0.7249070694933557,No
2337,0.26678896225859794,Yes
180,0.45550390138045255,Yes
65,0.44823655606239926,No
6791,0.519929288098718,Yes
3910,0.561974154568194,Yes
4989,0.29055502452946624,No
2854,0.1528593745601916,No
2178,0.00411881900866748,No
2819,0.2666622011552698,No
3872,0.49387035381714495,No
1756,0.06573176635463104,No
1286,0.21417885985004445,No
6772,0.07523658934322627,Yes
6198,0.01890460823071807,No
2988,0.11376304696048732,No
3185,0.5743560997358214,Yes
5413,0.6320244603100936,No
2212,0.072520487681849,No
5133,0.7242264889773484,Yes
5006,0.2987530907883941,Yes
4485,0.01502723262076958,No
5546,0.23714199615270745,No
4701,0.7436543874596541,No
6974,0.384709933644741,No
5333,0.5909459413765746,Yes
2367,0.6642338742187823,Yes
3865,0.20937393118499767,No
2084,0.47184930142769693,Yes
1241,0.231833826850981,No
2049,0.1768336776280397,No
2334,0.6814483738006443,No
4325,0.18233647309686707,No
6932,0.384884282016039,No
212,0.0021211793822669737,No
5666,0.11373302463576035,No
4238,0.005009246356242555,No
1453,0.5552839486639548,No
5693,0.04338732781790666,No
684,0.558810632849664,No
1027,0.15298507576118237,No
6505,0.009690550070894234,No
658,0.08404632250939295,Yes
1460,0.6924619131535639,Yes
2888,0.6735984880788702,Yes
3470,0.22048647149831407,No
1475,0.06570130572611403,No
1735,0.032711331154066305,No
1560,0.03518955903627723,No
6254,0.06925396364569661,No
1328,0.17144738155705877,No
3650,0.004292560245482988,No
2711,0.3041668642094575,Yes
101,0.20111853718042574,No
1669,0.6362183086488439,No
2657,0.2885918413079029,No
2673,0.553682427886908,Yes
2729,0.7887489442739135,Yes
1966,0.22624616776212547,No
5785,0.006726132332985997,No
3487,0.003254576401665741,No
2361,0.31797684271748594,Yes
6916,0.0047244401063292925,No
5136,0.7467144109047607,No
5447,0.36336900731537203,No
5774,0.29545061857511534,No
6323,0.2935212930363811,No
2144,0.3311456421460245,No
4308,0.41007452933741256,No
6202,0.06211311423422033,Yes
1472,0.5340092394777767,Yes
402,0.31157585966039725,Yes
4400,0.5387771673140489,No
4981,0.6340162103013027,Yes
3701,0.025003644919250265,No
6243,0.018036735867978184,No
961,0.0687038140078177,No
4458,0.4696580003829453,Yes
2990,0.5569357302464146,Yes
6872,0.06532592898931806,No
35,0.02074049657959905,No
2782,0.04118822714918631,No
5055,0.007072528656120554,No
4516,0.013571719110147899,No
2827,0.4110339481223577,No
2356,0.095654135982101,No
6002,0.7785269959044109,Yes
5694,0.06678862282279933,No
2078,0.08381374813892685,No
469,0.316653914483755,Yes
4850,0.13105521773256162,No
6777,0.5453526161645212,No
6148,0.007855580041238862,No
6709,0.24049129658610918,No
4419,0.10672184187446573,No
1383,0.5162286520744347,Yes
6523,0.08912948630549045,No
1830,0.010004093631276923,No
4588,0.4078032581265939,No
2949,0.016841927023677317,No
764,0.0018072630243496895,No
3037,0.022025361113255062,No
6383,0.03199089674764866,No
7018,0.5805738153965955,Yes
5151,0.17522116043590596,No
2432,0.02196944763678887,No
2467,0.2581355886856147,No
6734,0.18033263737503802,Yes
1770,0.5363796226250165,Yes
3145,0.5380926471961434,Yes
32,0.028965701612842804,No
3965,0.4048965612595693,No
5519,0.2814116226322758,No
740,0.020440782194693825,No
5527,0.17107117763567664,No
2505,0.02086487032533662,No
4037,0.0037919067345326763,No
3050,0.5263917362625792,Yes
5946,0.026859974822058073,Yes
5706,0.6503960130621523,Yes
2448,0.7737149179117093,Yes
3287,0.4206741485012139,Yes
1783,0.6322134022513569,Yes
3744,0.16806213456809108,No
2148,0.12800148595387864,No
300,0.20379454726468746,No
4834,0.0022277368633142666,No
5168,0.6810618763198882,Yes
1221,0.5104349863692693,No
1607,0.46884154095473196,Yes
4390,0.08896835271796348,No
702,0.62208968091359,No
5960,0.18467574250976457,No
6571,0.03961288244708835,No
1129,0.4240795546759795,No
527,0.09986048573565774,No
6412,0.029301556081034703,No
4224,0.001733616169347702,No
5863,0.7334350462320929,Yes
5518,0.41458494506912674,Yes
4029,0.007808389817777139,No
4457,0.2134946680691727,No
580,0.09913053304984383,Yes
222,0.14688623288289454,No
3520,0.10353307325464746,No
3465,0.4900455818471041,No
2401,0.25807336798070996,No
96,0.009791226686805566,No
4513,0.010852750500961381,Yes
2194,0.7422580074403262,Yes
6061,0.23642578923989657,No
940,0.0247962020167939,No
5263,0.12373339660662315,No
5601,0.06688318064479241,No
1458,0.24017332149143983,Yes
4150,0.7821420504571223,No
3726,0.5328280298211017,Yes
3822,0.6256513116816618,No
2222,0.5050480629833379,No
5809,0.6005368381510248,No
1844,0.021837000651523972,No
1876,0.3293662095328765,No
4983,0.2984048347213741,Yes
4065,0.19864600757457382,Yes
1425,0.4147833644290621,No
3819,0.047682553755206865,No
4636,0.008983470983693037,No
1394,0.1875917953330505,No
2346,0.06233080347410459,No
2713,0.25340912336831495,No
1059,0.5524880289909,Yes
5921,0.09243572169348925,No
5396,0.01927669288066479,No
87,0.00405144289371413,No
1242,0.26662424583051336,No
669,0.01389555379987111,No
1244,0.09697638350859912,Yes
1044,0.07848152158604897,No
632,0.009922336138649178,No
6171,0.3171457329945389,No
2397,0.7822446686865021,Yes
3720,0.06456469219643271,No
907,0.10950709334739263,No
1766,0.03318968089950376,No
6805,0.15148649263625197,No
4386,0.004356663357057397,Yes
5207,0.4187658041691143,Yes
946,0.1848090635153415,No
6369,0.0687022905152942,No
1254,0.055058246140472104,No
3803,0.09087839847867983,Yes
6178,0.006899632205120508,No
5012,0.12093901932768009,No
2142,0.07767461441287733,No
1158,0.20659627979725093,No
4603,0.297590672591784,No
1712,0.16492911724848147,No
3656,0.020539608170074834,No
4110,0.005333472957244687,No
4698,0.04682923365910034,Yes
2781,0.5386781962177156,No
1457,0.35810509817980296,No
6086,0.027169979835961894,No
5730,0.0028587248042067676,No
781,0.2889512017319341,No
3453,0.2866061425412863,No
4167,0.09994190045648356,No
637,0.006294570429611926,No
3516,0.509177297946047,Yes
2789,0.5783646005873329,No
3798,0.5081236101211574,No
511,0.38900240085118537,No
5830,0.025813838604147057,No
2335,0.3095930418924716,No
939,0.10661163451735235,No
1693,0.04667648707413104,No
1199,0.4707873231922162,No
1798,0.026685090252105977,No
6256,0.5815909633639408,Yes
944,0.26749462996798773,No
2190,0.017939340240090976,No
2515,0.0688492098416466,No
6804,0.4845541652732783,No
980,0.10319555457251159,No
6719,0.0023359598748793836,No
6664,0.3702125459333648,No
1587,0.005865355469478861,No
6291,0.022737467071250888,No
5860,0.5295300534418594,Yes
6108,0.3251175071059217,No
3411,0.5584370907648952,Yes
5229,0.38347508596265295,Yes
4940,0.617857840300649,No
4113,0.023952770942832807,No
5324,0.08515418709033908,No
1857,0.004919658887827386,No
3424,0.7271479958385375,Yes
3762,0.46039416915725345,No
582,0.8101944392195028,Yes
3074,0.10425830459719836,No
315,0.09161568024901749,No
3856,0.4004059688639336,No
6345,0.49602036350919165,No
154,0.12971830606047827,No
536,0.18836817074255505,No
3755,0.7394641095247577,Yes
2107,0.5691797612155414,No
3951,0.009493489623146629,No
2463,0.6873097571164927,No
3721,0.18802996353192608,Yes
203,0.5162915663992524,No
3456,0.023534949975503733,No
2039,0.5650204528132335,Yes
4289,0.004093838480069673,No
1690,0.13460756534141252,No
6639,0.12809791451296185,No
4574,0.22303377273824604,No
451,0.1884669332945041,No
6231,0.6341915064760776,Yes
3446,0.24908518877995894,No
447,0.00659125136851804,No
344,0.014569102818095798,No
54,0.018107761594416773,No
5891,0.435518257051315,Yes
6838,0.637011706467185,Yes
2302,0.015629689255223168,No
1170,0.06313933280653336,No
922,0.6572848408814305,No
4375,0.11155498141234893,No
3408,0.2831865794877253,Yes
5637,0.10090952430778467,No
5822,0.36109948414301013,No
3559,0.014994006718997411,No
1080,0.01591538949686925,No
1577,0.22453121608265952,Yes
4447,0.2503954666076804,No
1182,0.1667766784009415,No
6554,0.6297372726575401,Yes
266,0.0066951946879708416,No
2793,0.6468085652483064,No
2975,0.30673631098775506,No
6888,0.6741494884848803,No
1634,0.020090128609581284,No
139,0.6831861962053615,Yes
1573,0.12865934000057033,No
4665,0.00484042638373346,No
4856,0.5163541425051674,Yes
4091,0.2575884792026623,No
2185,0.17654407012821455,Yes
3958,0.5860758919917224,Yes
3743,0.2572186699194412,Yes
8,0.6209836661176046,Yes
6746,0.17870575243837314,Yes
346,0.7706066777265417,Yes
1108,0.0026104167795654326,No
1656,0.2048006180128037,No
3286,0.6962687518169284,Yes
4810,0.648817680626026,Yes
2899,0.006244372436428107,No
1281,0.023915867021654942,No
2291,0.7791606377705131,Yes
3409,0.09484251127085891,No
2327,0.5108474636771134,No
5802,0.13520515022724716,No
5884,0.10338496190629579,Yes
4863,0.002701651912561228,No
57,0.19568734093769727,No
4465,0.2946176217137161,No
3916,0.49395928807022516,No
1961,0.049931859708196816,No
1772,0.6686875229755805,Yes
1867,0.6166845918567757,Yes
366,0.2058988981427781,No
4260,0.06758149632164896,No
3582,0.7255960497687509,No
5360,0.5830618673027687,Yes
6064,0.7038087500464877,Yes
6129,0.13168385635000154,No
6068,0.3391720293378374,Yes
4371,0.06212979675039524,No
6543,0.011205001660239435,No
5473,0.2726960181724129,No
1450,0.1574999098470863,No
3943,0.49129476529271304,No
265,0.015186230586202736,No
2836,0.4495192387739748,No
164,0.05376411417076243,No
5286,0.5423793977678947,Yes
5176,0.12135026408177352,No
3085,0.7205574695920992,Yes
6320,0.10242362483992722,No
3630,0.15789462932116877,Yes
1290,0.01956779150553606,No
4168,0.023859599706311255,No
4244,0.004395688735849407,No
2874,0.0022548695326459014,No
6691,0.029125129952390236,No
5442,0.004147910665750473,No
2557,0.3604231902959709,No
2983,0.010160210607818479,No
1308,0.7353747544708462,Yes
2187,0.09495772660849469,No
1553,0.17935889270182226,No
5925,0.20152002359923377,No
3450,0.29479618345848385,No
1019,0.09822997739080844,No
302,0.616441859658215,No
3636,0.09295002089812333,No
4120,0.1963562286823696,No
2572,0.002385200749467231,No
3233,0.6783980017929626,No
2233,0.05000911569613399,No
1595,0.6858611551967204,Yes
3907,0.36738681351519753,No
6634,0.6449723532255223,Yes
2487,0.06820511776395637,No
3382,0.0017961422983137625,No
1096,0.21750907144398846,No
1061,0.13340465673972948,No
1769,0.23830336202906097,No
2171,0.47743589331902503,No
6525,0.003105348197756388,No
338,0.44171009042252096,No
4129,0.3824930252197698,No
2911,0.5403464356816181,Yes
5423,0.6496887493926062,Yes
1198,0.009457021225139126,No
5381,0.531313134859042,Yes
4862,0.6862459906669623,Yes
4199,0.28733905867455595,Yes
4690,0.16195092340120434,No
1293,0.07445545190779117,No
2186,0.004389835352993704,No
3299,0.11759678185373013,No
5028,0.050183580051150506,No
1864,0.144874061328113,No
4813,0.37924584163216857,No
2134,0.19753033166299042,No
6273,0.7235261466967357,Yes
4523,0.4806356636264072,No
5708,0.6042666511561645,No
3772,0.6938732822728491,Yes
6633,0.7623259517962748,Yes
2591,0.40103309324223985,No
2783,0.39163063187255154,No
16,0.008278721527109283,No
505,0.6809681703507365,Yes
6343,0.0171970386878425,No
6557,0.6287084614979778,No
6875,0.002242497927628788,No
4259,0.2363942363717282,Yes
3844,0.10293768677367154,Yes
4703,0.5267962341190107,Yes
3524,0.7041845900191729,Yes
1928,0.053515133235763436,Yes
3593,0.5796523312990801,Yes
3511,0.006425546654168378,No
6539,0.2791019766342334,No
1342,0.04375245509070487,No
654,0.2090284494996807,Yes
519,0.11319919224711993,No
1265,0.09695293077449374,No
3809,0.008493163411242819,No
974,0.017447322433799647,No
2228,0.09337888583242478,No
1333,0.02951204208781105,No
2341,0.04859670972350542,No
5615,0.23504691917038134,Yes
2736,0.31922135128128937,No
3290,0.38062395419768597,No
6437,0.03464338794290227,No
4335,0.653981567705237,No
5128,0.5570803927871628,No
3207,0.20250478376930894,No
4013,0.4218706522631951,No
2753,0.7276773265763304,Yes
5379,0.2514103142341635,No
6454,0.2653174059423593,No
3246,0.4128634335700211,Yes
1883,0.3166291711176865,Yes
1574,0.04312207417151366,No
6190,0.669313135703302,Yes
1543,0.5943695317854305,Yes
7036,0.2685527048511282,No
2261,0.1252379516399104,No
1887,0.5861584485672761,Yes
6808,0.17090727137707307,No
7,0.31676425634686683,No
4815,0.1696095660828071,Yes
3339,0.011345328908531965,No
554,0.395711890525428,Yes
249,0.2594513988889512,No
3682,0.7005657467472541,Yes
4786,0.15707659395420384,No
2424,0.11272603071727082,Yes
3556,0.06960447586752605,No
1226,0.0023187002536043636,No
2244,0.05106046522220515,Yes
2800,0.06705871935424189,No
2511,0.19218966206909832,No
2677,0.5927553120135397,Yes
6906,0.01972113907120692,No
2408,0.005062301644500148,No
6240,0.7915665344676706,Yes
1260,0.3995612476950553,No
1326,0.035352835946814966,No
5114,0.29124759915426207,No
5364,0.6170034737966035,Yes
6981,0.3534045877504796,No
6026,0.10725224200688742,No
2493,0.7330445262664361,No
5276,0.015734172816195907,No
5173,0.35399300004586326,No
759,0.01852224498091025,No
2380,0.22326509118804694,No
6438,0.7926256805894453,Yes
2512,0.08290646767951287,No
3405,0.08276433871338716,No
5331,0.020110096347226564,No
5628,0.5862921535608131,Yes
1163,0.616847840378978,Yes
5585,0.256886081983713,Yes
5896,0.0028883132751868668,No
1099,0.3292511626872855,No
6308,0.6147644266042364,No
5027,0.7191944322246573,Yes
3167,0.010395211189360737,No
195,0.35355812668883385,No
3799,0.08944068613624961,Yes
1819,0.010986376735823413,No
1476,0.18903024711167668,No
4656,0.45044057434592266,No
6674,0.20461479644651806,No
3695,0.5708094515912003,No
2355,0.005891833833572314,No
3692,0.4421424316772329,No
3897,0.06819022370420122,No
4993,0.009709147623608468,No
1016,0.01222341934504699,No
3880,0.14575111326213783,No
2936,0.5343765230095701,No
1109,0.12071396716891367,No
4669,0.004800307739071163,No
5686,0.5607764866089414,Yes
5466,0.06889728815036762,No
5310,0.05073708850150256,No
3194,0.21253158304985592,Yes
3654,0.34129257067089763,No
6038,0.04470648351472982,Yes
1297,0.6665274975813101,No
458,0.19331610963910437,No
2903,0.213836309828432,No
803,0.024992633629155086,No
3009,0.32063638027538394,No
3777,0.004161899735722166,No
4858,0.008907783350595432,No
5869,0.2166068971700212,No
3853,0.24664311203543793,No
897,0.17528879283002408,No
4570,0.2019396788207078,No
453,0.4698441213924796,Yes
5835,0.011372755960246806,No
2681,0.014053261044960583,No
2791,0.028171760012171726,No
4153,0.030941722470857098,No
7024,0.26498139213559657,No
6865,0.060814981374893815,No
4886,0.08348063229783509,No
2931,0.5249190861302181,No
5375,0.4094523881913286,Yes
5093,0.03483570733722564,No
2326,0.10669359843241318,No
303,0.011932764507653721,No
4601,0.42039619790600863,No
6445,0.6205463966942886,No
3095,0.5925026873103392,No
6612,0.5834764806241278,Yes
5587,0.19547581561944627,No
6919,0.29087636918181986,No
6262,0.13069008424804027,No
2282,0.37669039504217494,Yes
3155,0.021002109742669185,No
383,0.6896822914719839,Yes
2111,0.011420731153764603,No
1011,0.007319005128013487,No
4835,0.3864042255651417,No
3988,0.03968427803928152,No
958,0.11939962630130775,No
3975,0.6424443640488114,Yes
1519,0.5595983671940974,Yes
2778,0.3249083605559051,No
2877,0.38117402120350447,Yes
4118,0.1981509982805568,No
1144,0.7116050271705303,Yes
6088,0.5737840623544826,Yes
481,0.1201772441419288,Yes
1125,0.658642049308785,Yes
1890,0.25377587407644664,Yes
4865,0.405249062670479,No
5367,0.013885959789537392,No
2680,0.006301536686530515,No
6659,0.013069887097863072,No
1731,0.7338959252490472,Yes
5712,0.08839436447708342,No
2555,0.3972886883783658,No
350,0.022477135054715085,No
2803,0.008892017588614819,No
3311,0.13716906672749082,No
4541,0.5016461511643181,Yes
5692,0.15171723391983247,No
3251,0.46387889445688163,Yes
2796,0.2637220907877591,No
4240,0.7270749689627214,Yes
2929,0.022782082014344476,No
4761,0.0017149954575084827,No
3248,0.7772307656072169,Yes
382,0.011937178878904872,No
2907,0.6168020859647323,Yes
5713,0.02034900954323579,No
42,0.04052919766523023,No
5355,0.2847758129067628,No
988,0.04662522255399493,No
6573,0.036425231978853494,No
1841,0.013093454404169763,No
1401,0.6901950965974085,Yes
1582,0.02729336700317745,No
575,0.014994621193180369,No
2473,0.12965520129300553,No
5369,0.041528039149620784,No
5768,0.2560807992285755,No
3832,0.07536436804074549,No
6744,0.08445539579620968,No
559,0.41539509555301757,No
1989,0.03247670394325637,No
3956,0.7729202097454133,Yes
3222,0.3499944005720196,No
1155,0.012151500488023692,No
4851,0.7165271755285882,Yes
7033,0.2980916809863918,No
3905,0.5385043157473924,Yes
6220,0.05724123085547164,No
3898,0.013908877869058724,No
5308,0.012853062367402215,No
6087,0.14736185696045648,No
3387,0.1519130910549732,No
5113,0.03624640591371547,No
2478,0.35610814535873603,No
472,0.4902519713818503,No
3565,0.47166488342206014,Yes
2145,0.5455977269203732,No
5270,0.062308181667246804,Yes
6161,0.40183527532668145,No
373,0.11403126564090203,No
3474,0.17564921249743454,No
962,0.28940780985693343,No
622,0.24177012320284827,No
924,0.33619606754153736,No
4707,0.17561235027784747,No
3067,0.6688085298409134,Yes
3469,0.7309004305449578,No
1215,0.6738364167149967,Yes
6314,0.6750736159592226,No
4609,0.1011521662012794,No
1343,0.031511297930501184,No
439,0.2794311711080181,No
2799,0.004893725781467973,No
3353,0.5398138035483138,No
4136,0.010107703678502888,No
2671,0.2825835885450756,No
3974,0.11155474806005906,No
4223,0.6238175324652314,No
5159,0.7034068622901674,No
5837,0.6295661199712437,No
3035,0.5478156317129296,No
2510,0.7138864223644252,Yes
2379,0.531636219778464,Yes
4292,0.567822098774234,Yes
5533,0.6957360472820364,No
1452,0.15702522849087902,No
3026,0.717037221917391,Yes
4340,0.24346459434353224,No
909,0.11845857550273728,No
492,0.5920348847660125,Yes
6331,0.025885553908357343,No
5968,0.2202275260879836,Yes
5648,0.21545794003455454,No
5734,0.014193929818720776,No
5512,0.35160288879097135,No
3641,0.03693171208249536,No
2784,0.5269421577416428,Yes
260,0.7242893976098432,Yes
6985,0.057403747271051575,No
6519,0.16496012501579665,No
6175,0.1896853173587394,No
3230,0.002013700871561873,No
6009,0.5620730119439983,Yes
1210,0.5033890484947847,Yes
3848,0.32916610328787804,No
5228,0.373326474132155,No
783,0.40407788105731,Yes
2437,0.24022734741895888,No
851,0.02407118580690568,No
3518,0.19940685037972958,No
4755,0.49335938656383727,No
405,0.00204926705827852,No
4388,0.028326655305391146,No
1252,0.24338140197255442,No
6658,0.5578741495554453,Yes
2906,0.2594269759867287,No
2204,0.17312064909834474,Yes
5468,0.7034946791471554,Yes
1257,0.11810011534003376,No
3703,0.05849092819931263,No
4121,0.6413882188524563,Yes
4679,0.014800355526988737,No
6355,0.040771999493385086,No
2140,0.3544373205193515,Yes
3751,0.256558771768237,No
5105,0.2221171342205061,Yes
5194,0.4891627699322276,Yes
5054,0.015092320220348801,No
6194,0.052238992936189485,No
825,0.45057965150973966,Yes
6970,0.7414391070483759,Yes
3131,0.009476706649227852,No
3346,0.8209122956881414,No
5547,0.7670242379432481,Yes
3789,0.13985329510965877,No
277,0.21670649035697248,No
6339,0.2942712913233096,Yes
6287,0.647015164750396,Yes
4433,0.739556710660367,No
5963,0.17889053212027226,No
520,0.22283110307751533,No
603,0.1403393719486512,No
5281,0.003633964253092153,No
5327,0.01128680297786687,No
2123,0.4848048008445172,No
4456,0.0038183243086212957,No
4710,0.08745751003558477,No
9,0.008929417411265161,No
6263,0.2107988042491761,No
2012,0.36926014303956856,Yes
6069,0.024505802664167742,No
2330,0.23757658982327112,No
6667,0.6860287051588709,Yes
4092,0.2538865544920649,No
3729,0.003370793999793581,No
4525,0.29968438947836235,No
3534,0.08996475272870923,Yes
680,0.6150537500114286,Yes
4140,0.15344097990681443,Yes
3797,0.16161785560592296,No
6946,0.08666710353071996,No
4180,0.6255740098276814,Yes
701,0.4916435204550744,No
6456,0.03957073819231447,No
504,0.009377717863001294,No
2129,0.7601326027099052,Yes
2595,0.026536212246996354,No
5328,0.021680802328087525,No
5100,0.6206649952058709,Yes
2093,0.13047352978659651,No
561,0.3095929461067266,No
4504,0.01696567465862314,No
3998,0.044497904039339925,No
1315,0.026841039816076065,No
5945,0.17168717110131318,No
4171,0.18629023778127649,Yes
3595,0.6460031482968048,Yes
4599,0.03221141795741474,No
985,0.43262847662289966,Yes
1987,0.3846371116073968,Yes
6218,0.027315195791448782,No
904,0.010210940402058102,No
3903,0.14528708656411818,No
3172,0.5284003772041054,Yes
700,0.0227648019878604,No
4194,0.0033457849012301756,No
5220,0.036790550420972956,No
3996,0.019315308769175407,No
2307,0.13620517190474488,No
6941,0.016845270386078113,No
3586,0.2743130125497518,Yes
1167,0.15295279285362084,No
1272,0.1360293514698593,No
5718,0.6283505321566829,Yes
3334,0.5946174079216745,Yes
5234,0.2264581003442706,No
2750,0.1346528473347246,No
1189,0.5698347652752254,No
4857,0.28387466799106414,No
1610,0.005453989427858894,No
4515,0.5071820986552216,No
79,0.017939820089802647,No
1885,0.09690106901427183,No
6860,0.5101381919470565,Yes
4046,0.15528700423937855,No
127,0.0031574676502796476,No
3542,0.06634746917622174,No
1118,0.2955747216870563,No
5509,0.28032898708258597,Yes
4792,0.3300113455023592,Yes
2336,0.480032826072827,Yes
4638,0.7538357793945449,Yes
3463,0.4587630178278639,No
5167,0.011781172095572057,No
6501,0.19747818636207726,No
1301,0.004049648386932978,No
6193,0.4363597906004553,No
809,0.6990618076533306,Yes
2758,0.16665187247852634,No
1038,0.19142791148852,No
4521,0.1141397725834813,No
4393,0.676514919643403,Yes
4278,0.2949425295966714,No
4020,0.014810396615360837,No
6184,0.16646363901485547,No
6315,0.017660956147116304,No
6969,0.19675346019792264,Yes
6481,0.4416467489333057,No
6577,0.012615805925352611,No
1578,0.34850983275354136,Yes
6324,0.4590877356692464,No
5787,0.3808445196357466,Yes
627,0.1879722016262446,No
5418,0.5503787715717179,No
1231,0.18010493984659176,No
631,0.07138215292883454,No
2246,0.7110591269152698,Yes
3684,0.3383552487053415,No
6717,0.4872551105413329,Yes
6245,0.0819321903124822,No
6494,0.25863031076455095,No
3480,0.001684533857003951,No
6,0.4834937294507197,No
930,0.36111295803135646,No
484,0.5998824766740074,Yes
4035,0.19611521525321998,No
2886,0.17864346058394334,No
2147,0.11686647130188331,No
6410,0.023453498224303034,No
7009,0.6051243709941457,Yes
2705,0.0023237618693989783,No
6656,0.006640772320337863,No
2759,0.18292090731904148,No
3053,0.08075275361252118,No
6965,0.14591752393625923,No
747,0.5834944419215221,No
2616,0.3272691579173746,Yes
4043,0.029134755572214073,No
175,0.07628833395953392,No
5882,0.03513425300200592,No
3249,0.270167718205392,No
1124,0.2853395005240201,No
128,0.19864600757457382,No
772,0.19816153575150397,Yes
5474,0.7986681936366589,No
6991,0.6654069141479609,Yes
5575,0.011789110370073103,No
6095,0.22633494227147763,No
3517,0.0715732114707115,Yes
5536,0.5486873512216026,Yes
3241,0.1977611197611715,Yes
126,0.6182317648063638,Yes
1806,0.011052220238633642,No
3071,0.030752116125040276,No
835,0.27221044485618384,No
4072,0.7218807632259596,No
6232,0.8102943568824501,Yes
3936,0.22122648956429622,No
1737,0.4046177186483865,No
4016,0.3808743883216907,No
2655,0.5593341736310335,Yes
4331,0.0024220943678631666,No
5854,0.3961882943020261,No
4948,0.38100652944867236,No
1047,0.3323715323744567,No
2024,0.4782841676046027,No
3371,0.13659581176428762,Yes
1048,0.03783408166185929,No
1979,0.006387446847069727,No
1850,0.10722106005420715,No
3072,0.03126409457271187,No
3764,0.11540703398656053,No
163,0.029156043186091985,No
2310,0.011968541230623369,No
4291,0.036530153072409366,No
6427,0.008020697086491372,No
1810,0.03828809891071307,No
6835,0.13250150742818004,No
4998,0.20795240532089124,No
1052,0.13290146063887734,No
4496,0.01003729990105155,No
4824,0.20797611635447605,No
5098,0.7744416801583842,Yes
4763,0.2606902718425575,No
6191,0.19731655345639063,No
3990,0.6990222638409295,No
5123,0.494024592328936,Yes
1626,0.12857317679939786,No
1627,0.5071757993824992,No
2161,0.6853244548491455,Yes
5851,0.23762901113953014,No
6678,0.018018141864588853,No
1762,0.3918566413728764,No
6725,0.034239509553701065,No
3088,0.018093241146556235,No
2441,0.6420909086732048,No
3181,0.015563420285641304,No
1284,0.0024889314106801646,No
6468,0.18823112478960152,No
6718,0.6230427342787004,Yes
3933,0.12972760837190678,No
2259,0.04344750012786914,No
1829,0.7127733157520094,No
1526,0.6599538289510509,No
2451,0.2550494881988983,Yes
4612,0.008683158335062639,No
2785,0.22155076788843056,No
3118,0.011596204231139065,No
1733,0.2004247083579334,No
1745,0.0036730961947633155,No
4475,0.22427150070418184,No
5856,0.35424263914595006,No
5614,0.05008449251973052,No
1926,0.5088938926648562,Yes
4658,0.3145218012142817,No
3752,0.013428341822441866,No
3386,0.046163375961598384,No
5605,0.2904297017229154,No
610,0.465487241599778,Yes
5685,0.006733500532125293,No
6847,0.232250618699346,No
4776,0.6749366232564276,No
18,0.15947529389440787,Yes
5767,0.012989983032971272,No
718,0.42188493543698696,No
6609,0.25446402932666146,Yes
4028,0.037149768747634725,No
5311,0.15117808426996612,Yes
5425,0.6198911347569722,No
7011,0.20026866768140072,Yes
1982,0.08694091886427283,No
5071,0.5423539232447384,No
5806,0.24355962732256142,Yes
1247,0.20151651940983067,No
6536,0.5343325082609529,No
3380,0.8544367659540967,Yes
7023,0.49665138240255124,No
1880,0.7878115480632869,Yes
4426,0.2502318486118771,No
6626,0.783196499344614,Yes
3162,0.40942350723841203,No
5049,0.23492829531750314,Yes
6115,0.030781030520881433,No
3043,0.6941196443987432,Yes
5855,0.04768864045836319,No
3548,0.04959561155713117,No
5429,0.008256318762183237,No
3027,0.18847573096367817,No
5890,0.020319943354415705,No
3467,0.7830440148202692,Yes
6902,0.029637119464113536,No
170,0.07834266624173458,No
1445,0.5970742413285486,No
248,0.35694071065120403,Yes
6899,0.4355374473558052,Yes
1700,0.0053027499704904335,No
688,0.03691403530761586,No
4398,0.010349255179348175,No
1896,0.08532628648998308,No
6447,0.026191911673078175,No
5213,0.795585109124003,No
5636,0.5590065721603689,Yes
1790,0.5040157472501186,Yes
6081,0.3321530251474789,No
6266,0.4386848868490195,Yes
4604,0.3018773983021038,No
1730,0.6548816268727387,Yes
1990,0.7453188142482617,Yes
538,0.13753089174613248,No
1412,0.6551476439744782,Yes
3471,0.020189251359548493,No
4024,0.43112127416386853,No
5089,0.45121793053078735,No
843,0.32923634107724725,No
5477,0.013884956086839914,No
6889,0.5650362455829907,No
23,0.016107203617341883,No
6723,0.005585187392914103,No
1408,0.1597283727266648,No
3563,0.45605728745295065,No
4124,0.7771533688521556,No
6144,0.4757538914855968,No
5801,0.5400738110658181,No
4943,0.011462270149930754,No
2768,0.0654328619118485,No
6973,0.1648473298567244,No
2858,0.18021616212201197,No
2817,0.007619341322877073,No
3316,0.10194971399309816,No
342,0.03600800345719812,No
2497,0.17906054301214702,No
6037,0.3339232332108777,No
5773,0.09205489996107002,No
3206,0.15905403529779436,No
445,0.4753392750527136,Yes
4343,0.7460498829182228,Yes
6530,0.013057179355806782,No
2588,0.2756971497327593,No
5826,0.6733697933019661,Yes
3414,0.013959524730065252,No
6016,0.14766600447212386,Yes
2598,0.6483939705342014,No
3710,0.05715695450183429,No
6091,0.7767777593131711,Yes
2534,0.0762506466026918,No
999,0.42433391638306234,No
5353,0.2566095609676706,No
4642,0.010524485314725957,Yes
2583,0.011439737049459005,No
5041,0.044300515895263425,No
53,0.6366600538083738,Yes
1014,0.2813924301804824,Yes
1823,0.4209246198097661,Yes
935,0.8163354602153118,No
1352,0.008261735189727974,No
5402,0.03300565871813961,No
1259,0.19787206320712514,Yes
1382,0.013412804358975265,No
2824,0.002636230302089443,No
5780,0.005729092528539193,No
5625,0.10090700618727076,No
2517,0.6586895409333731,Yes
1066,0.006152499350689155,No
2957,0.644722754334289,No
4374,0.0016417675365470417,No
1639,0.3930360696542855,Yes
2526,0.19953387004302897,Yes
2834,0.01111869523402509,No
993,0.03892138789334488,No
6492,0.02005320146503111,No
2109,0.015588108632822529,No
2695,0.04056013915081547,No
4547,0.29533851533276295,No
3675,0.19664919414466037,No
954,0.7319031328802303,No
4702,0.14185034925517317,No
715,0.3261544814214493,No
4696,0.11597050029816866,No
3544,0.5128929575535442,Yes
1551,0.030626973401693056,No
3047,0.3033631313965976,Yes
3947,0.22977714349383574,No
756,0.0019432591040690287,No
5590,0.07105279535022753,No
1349,0.2339198585623977,No
3297,0.03481607391052082,No
1914,0.4456234456362559,No
648,0.7265479147636679,Yes
4176,0.03438053890480286,No
1834,0.48692187111895235,Yes
5715,0.3524639112265911,Yes
1291,0.46104434452858567,Yes
3403,0.1606859409425707,No
6630,0.6716817370451416,No
4562,0.0345220834153176,No
4319,0.13143549500045365,No
2749,0.1290748687082234,No
1765,0.1961905301988899,No
6417,0.30900933726614177,Yes
6828,0.03577621737706269,No
2621,0.015933110195179366,No
5663,0.5609577899029242,No
225,0.2233741081215968,No
755,0.7690466664577066,Yes
4922,0.03984489330233141,No
5733,0.001157632848465492,No
1622,0.02405199964490289,No
5021,0.15754880844852437,No
1776,0.003758990182819534,No
1722,0.10243300658482364,No
2462,0.19079737923526027,No
5072,0.7192361746699589,No
972,0.011828911671112509,No
1427,0.29745882919596395,No
6122,0.04997867910971772,No
5484,0.0955172048153523,No
4689,0.23346219921476563,No
5783,0.8078535220585136,Yes
1068,0.44016458772268363,Yes
1350,0.009535610217919013,No
4382,0.4752179043519325,No
3377,0.0027707592337731634,No
5289,0.13985001774761663,No
807,0.06546541665568073,No
337,0.02768453177888953,No
3857,0.15125554703988123,No
153,0.011602124356892615,No
1994,0.03939422923669283,No
2795,0.7395392477168031,Yes
1120,0.37663092932324255,No
6595,0.01796095399075675,No
4664,0.6112203904748791,Yes
5562,0.21524598428111624,No
4934,0.10784388683850227,No
2712,0.33821069385995306,No
3895,0.003995371491937723,No
6895,0.01547326426193268,No
651,0.6394861609551918,Yes
1357,0.3671334884747872,No
3968,0.0014667466898792465,No
197,0.3863748746707258,No
4455,0.4564866251452669,Yes
3239,0.22415668081658116,No
6954,0.1416422325876978,No
4869,0.5459355217095455,No
4982,0.2741014055311683,Yes
6362,0.7035306314143482,No
3678,0.21387344528758961,No
1387,0.0016818129483804334,No
2974,0.40146361853843177,Yes
1886,0.0046058963486084225,No
4685,0.13823617319235237,No
4768,0.0014252541517737274,No
6150,0.49560557030221203,No
3234,0.015268831512617891,No
4451,0.5351692825068547,No
